name,latestChapter
Filiarose – The Crown of Thorns Prophecy,104
Genius of the Unique Lineage,53
He_s Not Just a Pretty Face,60
How to Clear a Dating Sim as a Side Character,117
I Tamed My Ex-Husband_s Mad Dog,63
Marronnier Farm Near by the Imperial Palace,63
Materialistic Princess,39
Melody of the Deadwood,85
MOONLIGHT LIBRARY,42
Please Don’t Come To The Villainess’ Stationery Store!,66
The Duchess_ Secret Writings,57
The Secret Life of a Certain Count’s Lady,73
What I Decided to Die For,95
"When I Quit Being A Wicked Mother-in-law, Everyone Became Obsessed With Me",53
